Időpont;Név;Irányítószám;Életkor;E-mail cím;TAJ szám
8:00;Dominic Crane;2000;93;dcraneim@tiny.cc;123463481
8:30;Ephrem Asty;2000;92;eastyb4@ucoz.com;123460789
9:00;Roderic Lawrey;2000;79;rlawreyge@blogspot.com;123462680
9:30;Ax Pachta;2000;79;apachtaap@istockphoto.com;123460631
10:00;Scarlett Strass;2000;39;sstrass6m@mlb.com;123459167
10:30;Kimberlee Crosher;2000;26;kcrosherr6@wufoo.com;123466561
11:00;Marianne Hutt;2000;25;mhuttc2@wordpress.com;123461126
11:30;Dotty Fallens;2009;92;dfallens8x@com.com;123459992
12:00;Bettina Soppit;2009;85;bsoppitno@mapquest.com;123465306
12:30;Osgood Moresby;2009;63;omoresbyqs@bloomberg.com;123466420
13:00;Hazlett Gorcke;2009;51;hgorckep0@blog.com;123465784
13:30;Flossie Bedminster;2009;35;fbedminster3t@netvibes.com;123458153
14:00;Joanne Rikel;2009;32;jrikeld@google.co.uk;123456915
14:30;Mallissa Mumby;2009;30;mmumbyqx@webnode.com;123466475
15:00;Jody Skein;2011;91;jskein20@purevolume.com;123457503
15:30;Agnese Clowney;2011;78;aclowneyqm@howstuffworks.com;123466365
